fe6d51,127.0.0.1,GET,http://localhost:8000/user/login,1444888024,,200
65f336,127.0.0.1,GET,http://localhost:8000/user/public/assets/css/bootstrap.min.css,1444888025,,404
ebc0de,127.0.0.1,GET,http://localhost:8000/user/public/assets/css/prettyPhoto.css,1444888025,,404
ceadf4,127.0.0.1,GET,http://localhost:8000/user/public/assets/css/font-awesome.min.css,1444888025,,404
33c843,127.0.0.1,GET,http://localhost:8000/user/public/assets/css/animate.css,1444888025,,404
3f9680,127.0.0.1,GET,http://localhost:8000/user/public/assets/css/price-range.css,1444888025,,404
32da67,127.0.0.1,GET,http://localhost:8000/user/public/assets/css/main.css,1444888025,,404
160877,127.0.0.1,GET,http://localhost:8000/user/public/assets/css/responsive.css,1444888026,,404
049520,127.0.0.1,GET,http://localhost:8000/user/public/assets/js/jquery.js,1444888026,,404
4bae17,127.0.0.1,GET,http://localhost:8000/user/public/assets/js/price-range.js,1444888026,,404
cbf296,127.0.0.1,GET,http://localhost:8000/user/public/assets/js/jquery.scrollUp.min.js,1444888026,,404
30d126,127.0.0.1,GET,http://localhost:8000/user/public/assets/js/bootstrap.min.js,1444888026,,404
af871d,127.0.0.1,GET,http://localhost:8000/user/public/assets/js/jquery.prettyPhoto.js,1444888026,,404
fa152b,127.0.0.1,GET,http://localhost:8000/user/public/assets/js/main.js,1444888026,,404
a3f51d,127.0.0.1,GET,http://localhost:8000/user/public/assets/images/home/iframe1.png,1444888027,,404
caad8f,127.0.0.1,GET,http://localhost:8000/user/public/assets/images/home/iframe2.png,1444888027,,404
3654fe,127.0.0.1,GET,http://localhost:8000/user/public/assets/images/home/iframe3.png,1444888027,,404
eb442b,127.0.0.1,GET,http://localhost:8000/user/public/assets/images/home/iframe4.png,1444888027,,404
31f159,127.0.0.1,GET,http://localhost:8000/user/public/assets/images/home/map.png,1444888027,,404
fc18a8,127.0.0.1,GET,http://localhost:8000/login,1444888069,,200
ea9406,127.0.0.1,GET,http://localhost:8000/public/assets/images/ico/favicon.ico,1444888070,,404
c47725,127.0.0.1,GET,http://localhost:8000/login,1444888124,,200
2423db,127.0.0.1,GET,http://localhost:8000/login,1444888144,,404
f46a8a,127.0.0.1,GET,http://localhost:8000/user/login,1444888154,,200
ccf394,127.0.0.1,GET,http://localhost:8000/user/login,1444888300,,200
90acfc,127.0.0.1,GET,http://localhost:8000/user/login,1444888440,,200
457b29,127.0.0.1,GET,http://localhost:8000/user/login,1444888508,,200
2a9029,127.0.0.1,GET,http://localhost:8000/user/login,1444888557,,200
5c2477,127.0.0.1,GET,http://localhost:8000/user/login,1444888631,,200
71a266,127.0.0.1,POST,http://localhost:8000/user/login,1444888635,,200
83f40d,127.0.0.1,GET,http://localhost:8000/user/login,1444888815,,500
015588,127.0.0.1,GET,http://localhost:8000/user/login,1444888830,,200
3d04c8,127.0.0.1,POST,http://localhost:8000/user/login,1444888837,,200
e52ebd,127.0.0.1,POST,http://localhost:8000/user/login,1444888844,,200
7684f0,127.0.0.1,GET,http://localhost:8000/user/login,1444888852,,200
ab556e,127.0.0.1,GET,http://localhost:8000/user/login,1444889051,,200
0ece2c,127.0.0.1,POST,http://localhost:8000/user/login,1444889059,,200
00aa0d,127.0.0.1,GET,http://localhost:8000/user/login,1444889463,,200
f7843c,127.0.0.1,POST,http://localhost:8000/user/login,1444889469,,200
99272d,127.0.0.1,GET,http://localhost:8000/user/login,1444889541,,200
e13668,127.0.0.1,GET,http://localhost:8000/user/login,1444889953,,200
bae760,127.0.0.1,POST,http://localhost:8000/user/login,1444889955,,200
596aac,127.0.0.1,GET,http://localhost:8000/user/login,1444890261,,200
1a8448,127.0.0.1,POST,http://localhost:8000/user/login,1444890264,,200
190429,127.0.0.1,GET,http://localhost:8000/user/login,1444890329,,500
6449b5,127.0.0.1,GET,http://localhost:8000/user/login,1444890354,,500
7a947b,127.0.0.1,GET,http://localhost:8000/user/login,1444890402,,200
29248b,127.0.0.1,POST,http://localhost:8000/user/login,1444890405,,200
dbfe66,127.0.0.1,GET,http://localhost:8000/user/login,1444890449,,200
51b2c2,127.0.0.1,POST,http://localhost:8000/user/login,1444890452,,200
f74c74,127.0.0.1,GET,http://localhost:8000/user/login,1444890606,,200
3030a9,127.0.0.1,GET,http://localhost:8000/user/login,1444890633,,200
f6e4f3,127.0.0.1,POST,http://localhost:8000/user/login,1444890636,,200
b02636,127.0.0.1,GET,http://localhost:8000/user/login,1444890679,,200
af09fd,127.0.0.1,POST,http://localhost:8000/user/login,1444890751,,200
4f7062,127.0.0.1,GET,http://localhost:8000/user/login,1444890755,,200
441fcb,127.0.0.1,GET,http://localhost:8000/user/login,1444891223,,200
6246c9,127.0.0.1,GET,http://localhost:8000/user/signup,1444891231,,200
be970a,127.0.0.1,GET,http://localhost:8000/user/signup,1444892538,,200
c3ff97,127.0.0.1,GET,http://localhost:8000/home,1444893173,,200
59094a,127.0.0.1,GET,http://localhost:8000/admin/login,1444893182,,404
355649,127.0.0.1,GET,http://localhost:8000/home,1444893975,,500
de3a62,127.0.0.1,GET,http://localhost:8000/home,1444894009,,500
9d7762,127.0.0.1,GET,http://localhost:8000/home,1444894074,,200
871091,127.0.0.1,GET,http://localhost:8000/admin/login,1444894079,,404
ddbb48,127.0.0.1,GET,http://localhost:8000/admin/login,1444894275,,500
f983aa,127.0.0.1,GET,http://localhost:8000/admin/login,1444894305,,200
22be7b,127.0.0.1,GET,http://localhost:8000/admin/login,1444894310,,200
29896f,127.0.0.1,GET,http://localhost:8000/user/login,1444894314,,200
e915c8,127.0.0.1,GET,http://localhost:8000/user/signup,1444894320,,200
7e530f,127.0.0.1,GET,http://localhost:8000/user/signup,1444894414,,200
cde202,127.0.0.1,GET,http://localhost:8000/user/login,1444894418,,200
285949,127.0.0.1,GET,http://localhost:8000/user/admin/login,1444894420,,404
cc5510,127.0.0.1,GET,http://localhost:8000/user/login,1444894430,,200
40fd18,127.0.0.1,GET,http://localhost:8000/user/admin/login,1444894438,,404
1f4629,127.0.0.1,GET,http://localhost:8000/user/login,1444894507,,200
3934c3,127.0.0.1,GET,http://localhost:8000/user/login,1444894510,,200
d622c4,127.0.0.1,POST,http://localhost:8000/user/user/login,1444894515,,404
c91a07,127.0.0.1,GET,http://localhost:8000/user/login,1444894534,,200
3ca81d,127.0.0.1,POST,http://localhost:8000/user/login,1444894537,,200
632d0b,127.0.0.1,GET,http://localhost:8000/user/login,1444894731,,500
12030c,127.0.0.1,GET,http://localhost:8000/user/login,1444894748,,500
2e334c,127.0.0.1,GET,http://localhost:8000/user/login,1444894796,,500
7ff534,127.0.0.1,GET,http://localhost:8000/user/login,1444895052,,200
d2fa1b,127.0.0.1,GET,http://localhost:8000/home,1444895063,,200
53a597,127.0.0.1,GET,http://localhost:8000/user/login,1444895105,,200
915c8b,127.0.0.1,GET,http://localhost:8000/admin/login,1444895108,,200
43311e,127.0.0.1,GET,http://localhost:8000/admin/login,1444895112,,200
bfd33e,127.0.0.1,GET,http://localhost:8000/user/login,1444895468,,500
49bf48,127.0.0.1,GET,http://localhost:8000/user/login,1444895481,,200
8f067a,127.0.0.1,GET,http://localhost:8000/user/login,1444895485,,200
ea3221,127.0.0.1,GET,http://localhost:8000/user/signup,1444895488,,200
491213,127.0.0.1,GET,http://localhost:8000/admin/login,1444895493,,200
15c96f,127.0.0.1,GET,http://localhost:8000/user/signup,1444895526,,200
ece84c,127.0.0.1,GET,http://localhost:8000/user/login,1444895528,,200
596489,127.0.0.1,GET,http://localhost:8000/user/login,1444895592,,200
ccc790,127.0.0.1,GET,http://localhost:8000/user/login,1444895604,,200
cb40d8,127.0.0.1,GET,http://localhost:8000/home,1444895613,,200
dd4265,127.0.0.1,GET,http://localhost:8000/home,1444895635,,200
f3500d,127.0.0.1,GET,http://localhost:8000/user/login,1444895726,,200
d2cbca,127.0.0.1,GET,http://localhost:8000/user/login,1444896066,,200
8989e0,127.0.0.1,POST,http://localhost:8000/user/login,1444896751,,200
9264c6,127.0.0.1,POST,http://localhost:8000/user/login,1444896763,,200
cf0905,127.0.0.1,POST,http://localhost:8000/user/login,1444896766,,200
81cb1b,127.0.0.1,POST,http://localhost:8000/user/login,1444896980,,200
5459ef,127.0.0.1,GET,http://localhost:8000/user/login,1444897005,,200
58b45d,127.0.0.1,POST,http://localhost:8000/user/login,1444897008,,200
6c83bd,127.0.0.1,GET,http://localhost:8000/user/login,1444897080,,200
3b65b9,127.0.0.1,POST,http://localhost:8000/user/login,1444897083,,200
aa4e24,127.0.0.1,POST,http://localhost:8000/user/login,1444897168,,200
03b92d,127.0.0.1,GET,http://localhost:8000/user/login,1444897230,,200
c3bba7,127.0.0.1,POST,http://localhost:8000/user/login,1444897233,,200
2b8c08,127.0.0.1,POST,http://localhost:8000/user/login,1444898099,,200
e6bd44,127.0.0.1,POST,http://localhost:8000/user/login,1444898165,,200
5a9672,127.0.0.1,GET,http://localhost:8000/user/login,1444898192,,200
6e46a1,127.0.0.1,POST,http://localhost:8000/user/login,1444898201,,200
20e9b5,127.0.0.1,POST,http://localhost:8000/user/login,1444898206,,200
06366c,127.0.0.1,POST,http://localhost:8000/user/login,1444898260,,500
2642fb,127.0.0.1,GET,http://localhost:8000/user/login,1444898269,,200
841560,127.0.0.1,POST,http://localhost:8000/user/login,1444898272,,500
1277e5,127.0.0.1,GET,http://localhost:8000/user/login,1444898275,,200
bc82de,127.0.0.1,POST,http://localhost:8000/user/login,1444898282,,500
613414,127.0.0.1,GET,http://localhost:8000/user/login,1444898562,,200
801e0b,127.0.0.1,POST,http://localhost:8000/user/login,1444898565,,500
4f5ba0,127.0.0.1,POST,http://localhost:8000/user/login,1444898574,,500
3d0a4b,127.0.0.1,GET,http://localhost:8000/user/login,1444899055,,200
5baab0,127.0.0.1,POST,http://localhost:8000/user/login,1444899061,,500
f5e0ed,127.0.0.1,POST,http://localhost:8000/user/login,1444899094,,500
b31686,127.0.0.1,GET,http://localhost:8000/user/login,1444899242,,200
455a16,127.0.0.1,GET,http://localhost:8000/user/login,1444899274,,200
f50d3b,127.0.0.1,POST,http://localhost:8000/user/login,1444899282,,500
ca01fb,127.0.0.1,GET,http://localhost:8000/user/login,1444899321,,200
d4ce59,127.0.0.1,POST,http://localhost:8000/user/login,1444899330,,200
0344e5,127.0.0.1,GET,http://localhost:8000/user/login,1444899378,,200
8a9fca,127.0.0.1,POST,http://localhost:8000/user/login,1444899385,,200
2936dd,127.0.0.1,GET,http://localhost:8000/user/login,1444903354,,200
fa115c,127.0.0.1,POST,http://localhost:8000/user/login,1444903363,,200
